[{"name":"Secretary of State","id":""},{"name":"County Durham LPA","id":"E60000001"},{"name":"Darlington LPA","id":"E60000002"},{"name":"Hartlepool LPA","id":"E60000003"},{"name":"Middlesbrough LPA","id":"E60000004"},{"name":"Northumberland LPA","id":"E60000005"},{"name":"Redcar and Cleveland LPA","id":"E60000006"},{"name":"Stockton-on-Tees LPA","id":"E60000007"},{"name":"Gateshead LPA","id":"E60000008"},{"name":"Newcastle upon Tyne LPA","id":"E60000009"},{"name":"North Tyneside LPA","id":"E60000010"},{"name":"South Tyneside LPA","id":"E60000011"},{"name":"Sunderland LPA","id":"E60000012"},{"name":"Blackburn with Darwen LPA","id":"E60000013"},{"name":"Blackpool LPA","id":"E60000014"},{"name":"Cheshire East LPA","id":"E60000015"},{"name":"Cheshire West and Chester LPA","id":"E60000016"},{"name":"Halton LPA","id":"E60000017"},{"name":"Warrington LPA","id":"E60000018"},{"name":"Allerdale LPA","id":"E60000019"},{"name":"Barrow-in-Furness LPA","id":"E60000020"},{"name":"Carlisle LPA","id":"E60000021"},{"name":"Copeland LPA","id":"E60000022"},{"name":"Eden LPA","id":"E60000023"},{"name":"South Lakeland LPA","id":"E60000024"},{"name":"Bolton LPA","id":"E60000025"},{"name":"Bury LPA","id":"E60000026"},{"name":"Manchester LPA","id":"E60000027"},{"name":"Oldham LPA","id":"E60000028"},{"name":"Rochdale LPA","id":"E60000029"},{"name":"Salford LPA","id":"E60000030"},{"name":"Stockport LPA","id":"E60000031"},{"name":"Tameside LPA","id":"E60000032"},{"name":"Trafford LPA","id":"E60000033"},{"name":"Wigan LPA","id":"E60000034"},{"name":"Burnley LPA","id":"E60000035"},{"name":"Chorley LPA","id":"E60000036"},{"name":"Fylde LPA","id":"E60000037"},{"name":"Hyndburn LPA","id":"E60000038"},{"name":"Lancaster LPA","id":"E60000039"},{"name":"Pendle LPA","id":"E60000040"},{"name":"Preston LPA","id":"E60000041"},{"name":"Ribble Valley LPA","id":"E60000042"},{"name":"Rossendale LPA","id":"E60000043"},{"name":"South Ribble LPA","id":"E60000044"},{"name":"West Lancashire LPA","id":"E60000045"},{"name":"Wyre LPA","id":"E60000046"},{"name":"Knowsley LPA","id":"E60000047"},{"name":"Liverpool LPA","id":"E60000048"},{"name":"Sefton LPA","id":"E60000049"},{"name":"St. Helens LPA","id":"E60000050"},{"name":"Wirral LPA","id":"E60000051"},{"name":"East Riding of Yorkshire LPA","id":"E60000052"},{"name":"Kingston upon Hull, City of LPA","id":"E60000053"},{"name":"North East Lincolnshire LPA","id":"E60000054"},{"name":"North Lincolnshire LPA","id":"E60000055"},{"name":"York LPA","id":"E60000056"},{"name":"Craven LPA","id":"E60000057"},{"name":"Hambleton LPA","id":"E60000058"},{"name":"Harrogate LPA","id":"E60000059"},{"name":"Richmondshire LPA","id":"E60000060"},{"name":"Ryedale LPA","id":"E60000061"},{"name":"Scarborough LPA","id":"E60000062"},{"name":"Selby LPA","id":"E60000063"},{"name":"Barnsley LPA","id":"E60000064"},{"name":"Doncaster LPA","id":"E60000065"},{"name":"Rotherham LPA","id":"E60000066"},{"name":"Sheffield LPA","id":"E60000067"},{"name":"Bradford LPA","id":"E60000068"},{"name":"Calderdale LPA","id":"E60000069"},{"name":"Kirklees LPA","id":"E60000070"},{"name":"Leeds LPA","id":"E60000071"},{"name":"Wakefield LPA","id":"E60000072"},{"name":"Derby LPA","id":"E60000073"},{"name":"Leicester LPA","id":"E60000074"},{"name":"Nottingham LPA","id":"E60000075"},{"name":"Rutland LPA","id":"E60000076"},{"name":"Amber Valley LPA","id":"E60000077"},{"name":"Bolsover LPA","id":"E60000078"},{"name":"Chesterfield LPA","id":"E60000079"},{"name":"Derbyshire Dales LPA","id":"E60000080"},{"name":"Erewash LPA","id":"E60000081"},{"name":"High Peak LPA","id":"E60000082"},{"name":"North East Derbyshire LPA","id":"E60000083"},{"name":"South Derbyshire LPA","id":"E60000084"},{"name":"Blaby LPA","id":"E60000085"},{"name":"Charnwood LPA","id":"E60000086"},{"name":"Harborough LPA","id":"E60000087"},{"name":"Hinckley and Bosworth LPA","id":"E60000088"},{"name":"Melton LPA","id":"E60000089"},{"name":"North West Leicestershire LPA","id":"E60000090"},{"name":"Oadby and Wigston LPA","id":"E60000091"},{"name":"Boston LPA","id":"E60000092"},{"name":"East Lindsey LPA","id":"E60000093"},{"name":"Lincoln LPA","id":"E60000094"},{"name":"North Kesteven LPA","id":"E60000095"},{"name":"South Holland LPA","id":"E60000096"},{"name":"South Kesteven LPA","id":"E60000097"},{"name":"West Lindsey LPA","id":"E60000098"},{"name":"Corby LPA","id":"E60000099"},{"name":"Daventry LPA","id":"E60000100"},{"name":"East Northamptonshire LPA","id":"E60000101"},{"name":"Kettering LPA","id":"E60000102"},{"name":"Northampton LPA","id":"E60000103"},{"name":"South Northamptonshire LPA","id":"E60000104"},{"name":"Wellingborough LPA","id":"E60000105"},{"name":"Ashfield LPA","id":"E60000106"},{"name":"Bassetlaw LPA","id":"E60000107"},{"name":"Broxtowe LPA","id":"E60000108"},{"name":"Gedling LPA","id":"E60000109"},{"name":"Mansfield LPA","id":"E60000110"},{"name":"Newark and Sherwood LPA","id":"E60000111"},{"name":"Rushcliffe LPA","id":"E60000112"},{"name":"Herefordshire, County of LPA","id":"E60000113"},{"name":"Shropshire LPA","id":"E60000114"},{"name":"Stoke-on-Trent LPA","id":"E60000115"},{"name":"Telford and Wrekin LPA","id":"E60000116"},{"name":"Cannock Chase LPA","id":"E60000117"},{"name":"East Staffordshire LPA","id":"E60000118"},{"name":"Lichfield LPA","id":"E60000119"},{"name":"Newcastle-under-Lyme LPA","id":"E60000120"},{"name":"South Staffordshire LPA","id":"E60000121"},{"name":"Stafford LPA","id":"E60000122"},{"name":"Staffordshire Moorlands LPA","id":"E60000123"},{"name":"Tamworth LPA","id":"E60000124"},{"name":"North Warwickshire LPA","id":"E60000125"},{"name":"Nuneaton and Bedworth LPA","id":"E60000126"},{"name":"Rugby LPA","id":"E60000127"},{"name":"Stratford-on-Avon LPA","id":"E60000128"},{"name":"Warwick LPA","id":"E60000129"},{"name":"Birmingham LPA","id":"E60000130"},{"name":"Coventry LPA","id":"E60000131"},{"name":"Dudley LPA","id":"E60000132"},{"name":"Sandwell LPA","id":"E60000133"},{"name":"Solihull LPA","id":"E60000134"},{"name":"Walsall LPA","id":"E60000135"},{"name":"Wolverhampton LPA","id":"E60000136"},{"name":"Bromsgrove LPA","id":"E60000137"},{"name":"Malvern Hills LPA","id":"E60000138"},{"name":"Redditch LPA","id":"E60000139"},{"name":"Worcester LPA","id":"E60000140"},{"name":"Wychavon LPA","id":"E60000141"},{"name":"Wyre Forest LPA","id":"E60000142"},{"name":"Bedford LPA","id":"E60000143"},{"name":"Central Bedfordshire LPA","id":"E60000144"},{"name":"Luton LPA","id":"E60000145"},{"name":"Peterborough LPA","id":"E60000146"},{"name":"Southend-on-Sea LPA","id":"E60000147"},{"name":"Thurrock LPA","id":"E60000148"},{"name":"Cambridge LPA","id":"E60000149"},{"name":"East Cambridgeshire LPA","id":"E60000150"},{"name":"Fenland LPA","id":"E60000151"},{"name":"Huntingdonshire LPA","id":"E60000152"},{"name":"South Cambridgeshire LPA","id":"E60000153"},{"name":"Basildon LPA","id":"E60000154"},{"name":"Braintree LPA","id":"E60000155"},{"name":"Brentwood LPA","id":"E60000156"},{"name":"Castle Point LPA","id":"E60000157"},{"name":"Chelmsford LPA","id":"E60000158"},{"name":"Colchester LPA","id":"E60000159"},{"name":"Epping Forest LPA","id":"E60000160"},{"name":"Harlow LPA","id":"E60000161"},{"name":"Maldon LPA","id":"E60000162"},{"name":"Rochford LPA","id":"E60000163"},{"name":"Tendring LPA","id":"E60000164"},{"name":"Uttlesford LPA","id":"E60000165"},{"name":"Broxbourne LPA","id":"E60000166"},{"name":"Dacorum LPA","id":"E60000167"},{"name":"East Hertfordshire LPA","id":"E60000168"},{"name":"Hertsmere LPA","id":"E60000169"},{"name":"North Hertfordshire LPA","id":"E60000170"},{"name":"St Albans LPA","id":"E60000171"},{"name":"Stevenage LPA","id":"E60000172"},{"name":"Three Rivers LPA","id":"E60000173"},{"name":"Watford LPA","id":"E60000174"},{"name":"Welwyn Hatfield LPA","id":"E60000175"},{"name":"Breckland LPA","id":"E60000176"},{"name":"Broadland LPA","id":"E60000177"},{"name":"Great Yarmouth LPA","id":"E60000178"},{"name":"King's Lynn and West Norfolk LPA","id":"E60000179"},{"name":"North Norfolk LPA","id":"E60000180"},{"name":"Norwich LPA","id":"E60000181"},{"name":"South Norfolk LPA","id":"E60000182"},{"name":"Babergh LPA","id":"E60000183"},{"name":"East Suffolk LPA","id":"E60000184"},{"name":"Ipswich LPA","id":"E60000185"},{"name":"Mid Suffolk LPA","id":"E60000186"},{"name":"West Suffolk LPA","id":"E60000187"},{"name":"Camden LPA","id":"E60000188"},{"name":"City of London LPA","id":"E60000189"},{"name":"Hackney LPA","id":"E60000190"},{"name":"Hammersmith and Fulham LPA","id":"E60000191"},{"name":"Haringey LPA","id":"E60000192"},{"name":"Islington LPA","id":"E60000193"},{"name":"Kensington and Chelsea LPA","id":"E60000194"},{"name":"Lambeth LPA","id":"E60000195"},{"name":"Lewisham LPA","id":"E60000196"},{"name":"Newham LPA","id":"E60000197"},{"name":"Southwark LPA","id":"E60000198"},{"name":"Tower Hamlets LPA","id":"E60000199"},{"name":"Wandsworth LPA","id":"E60000200"},{"name":"Westminster LPA","id":"E60000201"},{"name":"Barking and Dagenham LPA","id":"E60000202"},{"name":"Barnet LPA","id":"E60000203"},{"name":"Bexley LPA","id":"E60000204"},{"name":"Brent LPA","id":"E60000205"},{"name":"Bromley LPA","id":"E60000206"},{"name":"Croydon LPA","id":"E60000207"},{"name":"Ealing LPA","id":"E60000208"},{"name":"Enfield LPA","id":"E60000209"},{"name":"Greenwich LPA","id":"E60000210"},{"name":"Harrow LPA","id":"E60000211"},{"name":"Havering LPA","id":"E60000212"},{"name":"Hillingdon LPA","id":"E60000213"},{"name":"Hounslow LPA","id":"E60000214"},{"name":"Kingston upon Thames LPA","id":"E60000215"},{"name":"Merton LPA","id":"E60000216"},{"name":"Redbridge LPA","id":"E60000217"},{"name":"Richmond upon Thames LPA","id":"E60000218"},{"name":"Sutton LPA","id":"E60000219"},{"name":"Waltham Forest LPA","id":"E60000220"},{"name":"Bracknell Forest LPA","id":"E60000221"},{"name":"Brighton and Hove LPA","id":"E60000222"},{"name":"Isle of Wight LPA","id":"E60000223"},{"name":"Medway LPA","id":"E60000224"},{"name":"Milton Keynes LPA","id":"E60000225"},{"name":"Portsmouth LPA","id":"E60000226"},{"name":"Reading LPA","id":"E60000227"},{"name":"Slough LPA","id":"E60000228"},{"name":"Southampton LPA","id":"E60000229"},{"name":"West Berkshire LPA","id":"E60000230"},{"name":"Windsor and Maidenhead LPA","id":"E60000231"},{"name":"Wokingham LPA","id":"E60000232"},{"name":"Aylesbury Vale LPA","id":"E60000233"},{"name":"Chiltern LPA","id":"E60000234"},{"name":"South Bucks LPA","id":"E60000235"},{"name":"Wycombe LPA","id":"E60000236"},{"name":"Eastbourne LPA","id":"E60000237"},{"name":"Hastings LPA","id":"E60000238"},{"name":"Lewes LPA","id":"E60000239"},{"name":"Rother LPA","id":"E60000240"},{"name":"Wealden LPA","id":"E60000241"},{"name":"Basingstoke and Deane LPA","id":"E60000242"},{"name":"East Hampshire LPA","id":"E60000243"},{"name":"Eastleigh LPA","id":"E60000244"},{"name":"Fareham LPA","id":"E60000245"},{"name":"Gosport LPA","id":"E60000246"},{"name":"Hart LPA","id":"E60000247"},{"name":"Havant LPA","id":"E60000248"},{"name":"New Forest LPA","id":"E60000249"},{"name":"Rushmoor LPA","id":"E60000250"},{"name":"Test Valley LPA","id":"E60000251"},{"name":"Winchester LPA","id":"E60000252"},{"name":"Ashford LPA","id":"E60000253"},{"name":"Canterbury LPA","id":"E60000254"},{"name":"Dartford LPA","id":"E60000255"},{"name":"Dover LPA","id":"E60000256"},{"name":"Folkestone and Hythe LPA","id":"E60000257"},{"name":"Gravesham LPA","id":"E60000258"},{"name":"Maidstone LPA","id":"E60000259"},{"name":"Sevenoaks LPA","id":"E60000260"},{"name":"Swale LPA","id":"E60000261"},{"name":"Thanet LPA","id":"E60000262"},{"name":"Tonbridge and Malling LPA","id":"E60000263"},{"name":"Tunbridge Wells LPA","id":"E60000264"},{"name":"Cherwell LPA","id":"E60000265"},{"name":"Oxford LPA","id":"E60000266"},{"name":"South Oxfordshire LPA","id":"E60000267"},{"name":"Vale of White Horse LPA","id":"E60000268"},{"name":"West Oxfordshire LPA","id":"E60000269"},{"name":"Elmbridge LPA","id":"E60000270"},{"name":"Epsom and Ewell LPA","id":"E60000271"},{"name":"Guildford LPA","id":"E60000272"},{"name":"Mole Valley LPA","id":"E60000273"},{"name":"Reigate and Banstead LPA","id":"E60000274"},{"name":"Runnymede LPA","id":"E60000275"},{"name":"Spelthorne LPA","id":"E60000276"},{"name":"Surrey Heath LPA","id":"E60000277"},{"name":"Tandridge LPA","id":"E60000278"},{"name":"Waverley LPA","id":"E60000279"},{"name":"Woking LPA","id":"E60000280"},{"name":"Adur LPA","id":"E60000281"},{"name":"Arun LPA","id":"E60000282"},{"name":"Chichester LPA","id":"E60000283"},{"name":"Crawley LPA","id":"E60000284"},{"name":"Horsham LPA","id":"E60000285"},{"name":"Mid Sussex LPA","id":"E60000286"},{"name":"Worthing LPA","id":"E60000287"},{"name":"Bath and North East Somerset LPA","id":"E60000288"},{"name":"Bournemouth, Christchurch and Poole LPA","id":"E60000289"},{"name":"Bristol, City of LPA","id":"E60000290"},{"name":"Cornwall LPA","id":"E60000291"},{"name":"Dorset LPA","id":"E60000292"},{"name":"Isles of Scilly LPA","id":"E60000293"},{"name":"North Somerset LPA","id":"E60000294"},{"name":"Plymouth LPA","id":"E60000295"},{"name":"South Gloucestershire LPA","id":"E60000296"},{"name":"Swindon LPA","id":"E60000297"},{"name":"Torbay LPA","id":"E60000298"},{"name":"Wiltshire LPA","id":"E60000299"},{"name":"East Devon LPA","id":"E60000300"},{"name":"Exeter LPA","id":"E60000301"},{"name":"Mid Devon LPA","id":"E60000302"},{"name":"North Devon LPA","id":"E60000303"},{"name":"South Hams LPA","id":"E60000304"},{"name":"Teignbridge LPA","id":"E60000305"},{"name":"Torridge LPA","id":"E60000306"},{"name":"West Devon LPA","id":"E60000307"},{"name":"Cheltenham LPA","id":"E60000308"},{"name":"Cotswold LPA","id":"E60000309"},{"name":"Forest of Dean LPA","id":"E60000310"},{"name":"Gloucester LPA","id":"E60000311"},{"name":"Stroud LPA","id":"E60000312"},{"name":"Tewkesbury LPA","id":"E60000313"},{"name":"Mendip LPA","id":"E60000314"},{"name":"Sedgemoor LPA","id":"E60000315"},{"name":"Somerset West and Taunton LPA","id":"E60000316"},{"name":"South Somerset LPA","id":"E60000317"},{"name":"Dartmoor National Park LPA","id":"E60000318"},{"name":"Exmoor National Park LPA","id":"E60000319"},{"name":"Lake District National Park LPA","id":"E60000320"},{"name":"New Forest National Park LPA","id":"E60000321"},{"name":"North York Moors National Park LPA","id":"E60000322"},{"name":"Northumberland National Park LPA","id":"E60000323"},{"name":"Peak District National Park LPA","id":"E60000324"},{"name":"South Downs National Park LPA","id":"E60000325"},{"name":"The Broads Authority LPA","id":"E60000326"},{"name":"Yorkshire Dales National Park LPA","id":"E60000327"},{"name":"Ebbsfleet Development Corporation LPA","id":"E60000328"},{"name":"London Legacy Development Corporation LPA","id":"E60000329"},{"name":"Old Oak and Park Royal Development Corporation LPA","id":"E60000330"},{"name":"Buckinghamshire LPA","id":"E60000331"},{"name":"North Northamptonshire LPA","id":"E60000332"},{"name":"West Northamptonshire LPA","id":"E60000333"}]